Word,nProns,pron,CMU,NOTES
the,32,t ax,dh ax0,
the,32,ah,dh ax0,
the,32,d dh ih,dh ax0,
the,32,d t ax,dh ax0,
the,32,ih,dh ax0,
the,32,d jh ah,dh ax0,
the,32,ax,dh ax0,
the,32,n ax,dh ax0,
the,32,th ow,dh ax0,
the,32,n ih,dh ax0,
the,32,dh ih,dh ax0,
the,32,th ih,dh ax0,
the,32,dh iy,dh ax0,
the,32,dh uh,dh ax0,
the,32,t,dh ax0,
the,32,th ax,dh ax0,
the,32,dh,dh ax0,
the,32,t d ax,dh ax0,
the,32,t dh iy,dh ax0,
the,32,d iy y,dh ax0,
the,32,dh ax,dh ax0,
the,32,l ih,dh ax0,
the,32,d iy,dh ax0,
the,32,ey y,dh ax0,
the,32,t d uh,dh ax0,
the,32,d ah,dh ax0,
the,32,ch ax,dh ax0,
the,32,d eh,dh ax0,
the,32,d ax,dh ax0,
the,32,uh,dh ax0,
the,32,ow,dh ax0,
the,32,t ih,dh ax0,
that,30,,dh ae1 t,
that,30,ae,dh ae1 t,
that,30,n ih t,dh ae1 t,
that,30,dh ae t,dh ae1 t,
that,30,d dh ih,dh ae1 t,
that,30,ih,dh ae1 t,
that,30,dh ae aw,dh ae1 t,
that,30,dh ae d,dh ae1 t,
that,30,t eh,dh ae1 t,
that,30,dh eh d,dh ae1 t,
that,30,ax t,dh ae1 t,
that,30,t d ih t,dh ae1 t,
that,30,d ae t,dh ae1 t,
that,30,dh eh t,dh ae1 t,
that,30,dh ow,dh ae1 t,
that,30,d dh eh t,dh ae1 t,
that,30,dh ah d,dh ae1 t,
that,30,th ax,dh ae1 t,
that,30,dh aa,dh ae1 t,
that,30,dh eh,dh ae1 t,
that,30,dh ae,dh ae1 t,
that,30,dh ax,dh ae1 t,
that,30,dh eh dh,dh ae1 t,
that,30,dh ih d,dh ae1 t,
that,30,ae t,dh ae1 t,
that,30,d ae,dh ae1 t,
that,30,dh ih t,dh ae1 t,
that,30,ae d,dh ae1 t,
that,30,th ae t,dh ae1 t,
that,30,d dh ih t,dh ae1 t,
to,24,,t uw1,
to,24,iy,t uw1,
to,24,t ax,t uw1,
to,24,ih,t uw1,
to,24,ch ax r,t uw1,
to,24,ax,t uw1,
to,24,er,t uw1,
to,24,jh ow,t uw1,
to,24,t uh,t uw1,
to,24,t uw,t uw1,
to,24,t t ax,t uw1,
to,24,t,t uw1,
to,24,d uw,t uw1,
to,24,t iy,t uw1,
to,24,t d ax,t uw1,
to,24,n uw,t uw1,
to,24,d uh,t uw1,
to,24,d,t uw1,
to,24,k,t uw1,
to,24,s,t uw1,
to,24,d ax,t uw1,
to,24,uh,t uw1,
to,24,t ih,t uw1,
to,24,d aa,t uw1,
you,21,iy,y uw1,
you,21,n ax,y uw1,
you,21,uw er,y uw1,
you,21,ch ax,y uw1,
you,21,jh ax,y uw1,
you,21,jh iy uw,y uw1,
you,21,uw,y uw1,
you,21,ch ih,y uw1,
you,21,y n,y uw1,
you,21,zh ax,y uw1,
you,21,y uw,y uw1,
you,21,y uh,y uw1,
you,21,ih,y uw1,
you,21,iy y uw,y uw1,
you,21,y ih,y uw1,
you,21,uh,y uw1,
you,21,y,y uw1,
you,21,ax,y uw1,
you,21,zh ih,y uw1,
you,21,y ax,y uw1,
you,21,ow iy,y uw1,
of,20,,ah1 v,
of,20,ax v,ah1 v,
of,20,w ah v,ah1 v,
of,20,z ax v,ah1 v,
of,20,ih v,ah1 v,
of,20,ah v,ah1 v,
of,20,ax dh,ah1 v,
of,20,ih f,ah1 v,
of,20,ax f v,ah1 v,
of,20,uh f,ah1 v,
of,20,ih,ah1 v,
of,20,ax f,ah1 v,
of,20,ay v,ah1 v,
of,20,er v,ah1 v,
of,20,uh s,ah1 v,
of,20,ax,ah1 v,
of,20,n,ah1 v,
of,20,uh v,ah1 v,
of,20,ow v,ah1 v,
of,20,ah b,ah1 v,
and,18,ax ng,ax0 n d,
and,18,ih n,ax0 n d,
and,18,uh n,ax0 n d,
and,18,ax n d,ax0 n d,
and,18,iy eh n,ax0 n d,
and,18,ae n t,ax0 n d,
and,18,ih d,ax0 n d,
and,18,n,ax0 n d,
and,18,ae eh n,ax0 n d,
and,18,ih,ax0 n d,
and,18,ae ih n,ax0 n d,
and,18,eh n,ax0 n d,
and,18,ax n,ax0 n d,
and,18,ae n d,ax0 n d,
and,18,eh,ax0 n d,
and,18,ae n,ax0 n d,
and,18,hh n,ax0 n d,
and,18,ih ax n,ax0 n d,
about,16,ih b aw,ax0 b aw1 t,
about,16,uh p aw t,ax0 b aw1 t,
about,16,ah b ae aw t,ax0 b aw1 t,
about,16,ih b ae aw t,ax0 b aw1 t,
about,16,ax b ae t,ax0 b aw1 t,
about,16,b aw t,ax0 b aw1 t,
about,16,ax b aw t,ax0 b aw1 t,
about,16,b ah t,ax0 b aw1 t,
about,16,ax b aa t,ax0 b aw1 t,
about,16,ax m b aw t,ax0 b aw1 t,
about,16,b ah,ax0 b aw1 t,
about,16,ax b aw,ax0 b aw1 t,
about,16,ah b aw t,ax0 b aw1 t,
about,16,ax b ae aw t,ax0 b aw1 t,
about,16,b aa,ax0 b aw1 t,
about,16,ax b ah t,ax0 b aw1 t,
but,16,v ih,b ah1 t,
but,16,ah d,b ah1 t,
but,16,b p ah t,b ah1 t,
but,16,p b ah,b ah1 t,
but,16,p b uh t,b ah1 t,
but,16,b ah t,b ah1 t,
but,16,p b ih t,b ah1 t,
but,16,p b ih,b ah1 t,
but,16,b ih t,b ah1 t,
but,16,b ah,b ah1 t,
but,16,b uh t,b ah1 t,
but,16,b uh d,b ah1 t,
but,16,b uh,b ah1 t,
but,16,p b uh,b ah1 t,
but,16,b ax t,b ah1 t,
but,16,b ax,b ah1 t,
i,15,aa,ay1,
i,15,ae,ay1,
i,15,aa ay,ay1,
i,15,ax ow,ay1,
i,15,ey ax,ay1,
i,15,ah,ay1,
i,15,eh,ay1,
i,15,ih,ay1,
i,15,k ih,ay1,
i,15,aw,ay1,
i,15,hh aa,ay1,
i,15,ay,ay1,
i,15,ax,ay1,
i,15,k ay,ay1,
i,15,iy ay,ay1,
was,15,w uh s,w aa1 z,
was,15,w ih z,w aa1 z,
was,15,uh z,w aa1 z,
was,15,ax ih ax l uh,w aa1 z,
was,15,w uh z,w aa1 z,
was,15,ax z,w aa1 z,
was,15,w ah z,w aa1 z,
was,15,ih,w aa1 z,
was,15,ah s,w aa1 z,
was,15,w,w aa1 z,
was,15,w ax s,w aa1 z,
was,15,uh s,w aa1 z,
was,15,z,w aa1 z,
was,15,ah z,w aa1 z,
was,15,w ax z,w aa1 z,
don't,14,ow n,d ow1 n t,
don't,14,n ax,d ow1 n t,
don't,14,t ow,d ow1 n t,
don't,14,d ao,d ow1 n t,
don't,14,d ow n,d ow1 n t,
don't,14,n,d ow1 n t,
don't,14,d ow,d ow1 n t,
don't,14,d ow n t,d ow1 n t,
don't,14,ax ng,d ow1 n t,
don't,14,ow,d ow1 n t,
don't,14,ax,d ow1 n t,
don't,14,d t ow n,d ow1 n t,
don't,14,ay ow,d ow1 n t,
don't,14,d uh,d ow1 n t,
do,14,d uw,d uw1,
do,14,dh uw,d uw1,
do,14,d,d uw1,
do,14,d ih,d uw1,
do,14,d ih ax,d uw1,
do,14,t uw,d uw1,
do,14,jh,d uw1,
do,14,d t uw,d uw1,
do,14,d uw ax,d uw1,
do,14,y,d uw1,
do,14,uh,d uw1,
do,14,t ih,d uw1,
do,14,t d uw,d uw1,
do,14,d uh,d uw1,
for,14,s f er,f ao1 r,
for,14,ax r,f ao1 r,
for,14,f ax r,f ao1 r,
for,14,f ao er,f ao1 r,
for,14,f,f ao1 r,
for,14,f ao,f ao1 r,
for,14,f er,f ao1 r,
for,14,f ih,f ao1 r,
for,14,f ao r,f ao1 r,
for,14,f oy,f ao1 r,
for,14,f ax,f ao1 r,
for,14,f ow ao,f ao1 r,
for,14,f ow er,f ao1 r,
for,14,f uh,f ao1 r,
a,12,iy,ax0,
a,12,f,ax0,
a,12,ah,ax0,
a,12,l,ax0,
a,12,ih,ax0,
a,12,uh z,ax0,
a,12,ey,ax0,
a,12,uh,ax0,
a,12,y,ax0,
a,12,ax,ax0,
a,12,ax m,ax0,
a,12,ow,ax0,
that's,12,ih t s,dh ae1 t s,
that's,12,ax s,dh ae1 t s,
that's,12,th eh s,dh ae1 t s,
that's,12,dh ax t s,dh ae1 t s,
that's,12,ae t s,dh ae1 t s,
that's,12,d dh ae t s,dh ae1 t s,
that's,12,dh ae s,dh ae1 t s,
that's,12,s,dh ae1 t s,
that's,12,d eh s,dh ae1 t s,
that's,12,dh eh s,dh ae1 t s,
that's,12,dh ae t s,dh ae1 t s,
that's,12,ng g ah t s,dh ae1 t s,
there,12,eh,dh eh1 r,
there,12,dh eh er,dh eh1 r,
there,12,eh r,dh eh1 r,
there,12,dh eh,dh eh1 r,
there,12,dh ih r,dh eh1 r,
there,12,d ih er,dh eh1 r,
there,12,n eh r,dh eh1 r,
there,12,dh eh r,dh eh1 r,
there,12,dh ey er,dh eh1 r,
there,12,dh ey r,dh eh1 r,
there,12,dh ih er,dh eh1 r,
there,12,er,dh eh1 r,
what,11,w ah t,w ah1 t,
what,11,w uh,w ah1 t,
what,11,w uh t,w ah1 t,
what,11,w ah,w ah1 t,
what,11,w ih d,w ah1 t,
what,11,hh w aa t,w ah1 t,
what,11,w aa,w ah1 t,
what,11,w ax t,w ah1 t,
what,11,w aa t,w ah1 t,
what,11,w ax,w ah1 t,
what,11,ax,w ah1 t,
there's,11,,dh eh1 r z,
there's,11,d dh ih z,dh eh1 r z,
there's,11,dh eh uw s,dh eh1 r z,
there's,11,d,dh eh1 r z,
there's,11,dh eh r z,dh eh1 r z,
there's,11,dh ey r z,dh eh1 r z,
there's,11,dh eh er z,dh eh1 r z,
there's,11,dh ih s,dh eh1 r z,
there's,11,dh er z,dh eh1 r z,
there's,11,dh ih z,dh eh1 r z,
there's,11,y r s,dh eh1 r z,
is,11,z,ih1 z,
is,11,d,ih1 z,
is,11,g ih z,ih1 z,
is,11,p,ih1 z,
is,11,t ih z,ih1 z,
is,11,ih,ih1 z,
is,11,ih z,ih1 z,
is,11,uw z,ih1 z,
is,11,ih t,ih1 z,
is,11,ih s,ih1 z,
is,11,ih hh s,ih1 z,
they,10,eh,dh ey1,
they,10,dh ih,dh ey1,
they,10,n ey,dh ey1,
they,10,dh eh,dh ey1,
they,10,th ey,dh ey1,
they,10,ih,dh ey1,
they,10,ey,dh ey1,
they,10,t ey,dh ey1,
they,10,d ey,dh ey1,
they,10,dh ey,dh ey1,
it,10,ax t,ih1 t,
it,10,ah,ih1 t,
it,10,ih d,ih1 t,
it,10,ih,ih1 t,
it,10,ax d,ih1 t,
it,10,t,ih1 t,
it,10,uh,ih1 t,
it,10,ax,ih1 t,
it,10,ih t,ih1 t,
it,10,uh t,ih1 t,
or,10,ax r,ao1 r,
or,10,ao,ao1 r,
or,10,iy ow r,ao1 r,
or,10,ih,ao1 r,
or,10,ow ax r,ao1 r,
or,10,uh,ao1 r,
or,10,ax,ao1 r,
or,10,ao r,ao1 r,
or,10,ow r,ao1 r,
or,10,er,ao1 r,
because,10,k ah z,b ih0 k ao1 z,
because,10,k uh z,b ih0 k ao1 z,
because,10,b b iy k ah s,b ih0 k ao1 z,
because,10,b iy k ah z,b ih0 k ao1 z,
because,10,b ax k ah z,b ih0 k ao1 z,
because,10,p iy k ah z,b ih0 k ao1 z,
because,10,k ih,b ih0 k ao1 z,
because,10,k ax z,b ih0 k ao1 z,
because,10,p b ih k ax z,b ih0 k ao1 z,
because,10,b iy k ih z,b ih0 k ao1 z,
them,9,ih m,dh eh1 m,
them,9,dh ax m,dh eh1 m,
them,9,dh eh m,dh eh1 m,
them,9,d ih m,dh eh1 m,
them,9,m,dh eh1 m,
them,9,dh ih m,dh eh1 m,
them,9,ax,dh eh1 m,
them,9,ax m,dh eh1 m,
them,9,t d ih m,dh eh1 m,
not,9,t aa d,n aa1 t,
not,9,n aa t,n aa1 t,
not,9,n ao t,n aa1 t,
not,9,n ah,n aa1 t,
not,9,ah t,n aa1 t,
not,9,n aa d d,n aa1 t,
not,9,n aa,n aa1 t,
not,9,n aa d,n aa1 t,
not,9,n ah d,n aa1 t,
well,9,w uh,w eh1 l,
well,9,w ax,w eh1 l,
well,9,w ah ax,w eh1 l,
well,9,w ax l,w eh1 l,
well,9,w ah,w eh1 l,
well,9,w eh l,w eh1 l,
well,9,ah ow,w eh1 l,
well,9,w ah l,w eh1 l,
well,9,ax l,w eh1 l,
people,9,b iy b ax,p iy1 p ax0 l,
people,9,n p uh p ax l,p iy1 p ax0 l,
people,9,m p iy p ax l,p iy1 p ax0 l,
people,9,p iy p b,p iy1 p ax0 l,
people,9,p iy b ax l,p iy1 p ax0 l,
people,9,b iy b ax l,p iy1 p ax0 l,
people,9,p uh p uh,p iy1 p ax0 l,
people,9,p ih uw,p iy1 p ax0 l,
people,9,p iy p ax l,p iy1 p ax0 l,
this,8,dh ax s,dh ih1 s,
this,8,ih s,dh ih1 s,
this,8,d ih s,dh ih1 s,
this,8,s,dh ih1 s,
this,8,dh ih s,dh ih1 s,
this,8,ih z,dh ih1 s,
this,8,d ih z,dh ih1 s,
this,8,dh ih sh,dh ih1 s,
really,8,ax l iy,r ih1 l iy0,
really,8,r ih l ih,r ih1 l iy0,
really,8,r iy l iy,r ih1 l iy0,
really,8,r uh l iy,r ih1 l iy0,
really,8,r ih uh iy,r ih1 l iy0,
really,8,r iy ax l iy,r ih1 l iy0,
really,8,r ih l iy,r ih1 l iy0,
really,8,r ih uh ih,r ih1 l iy0,
think,8,th ih k,th ih1 ng k,
think,8,th ih ng,th ih1 ng k,
think,8,dh ih g,th ih1 ng k,
think,8,th ih ng k,th ih1 ng k,
think,8,th iy ng k,th ih1 ng k,
think,8,th ih g,th ih1 ng k,
think,8,th eh k,th ih1 ng k,
think,8,th iy ng,th ih1 ng k,
have,8,hh ae ax v,hh ae1 v,
have,8,ah,hh ae1 v,
have,8,hh ae v,hh ae1 v,
have,8,eh v,hh ae1 v,
have,8,ah v,hh ae1 v,
have,8,ey v,hh ae1 v,
have,8,v,hh ae1 v,
have,8,hh eh v,hh ae1 v,
just,8,jh ax s,jh ah1 s t,
just,8,jh s,jh ah1 s t,
just,8,zh ih s,jh ah1 s t,
just,8,d jh ah sh ch,jh ah1 s t,
just,8,jh ah s,jh ah1 s t,
just,8,jh ih s t,jh ah1 s t,
just,8,jh ih s,jh ah1 s t,
just,8,ch ih s,jh ah1 s t,
uh,8,aa,ah1,
uh,8,ah b m,ah1,
uh,8,ae,ah1,
uh,8,ah,ah1,
uh,8,ah m,ah1,
uh,8,y ah,ah1,
uh,8,hh,ah1,
uh,8,ax,ah1,
as,8,ae s,ae1 z,
as,8,ax s,ae1 z,
as,8,ae z,ae1 z,
as,8,ax z,ae1 z,
as,8,uh z,ae1 z,
as,8,ih z,ae1 z,
as,8,z,ae1 z,
as,8,ih s,ae1 z,
all,7,ao l,ao1 l,
all,7,ao uh,ao1 l,
all,7,ao ah,ao1 l,
all,7,ao,ao1 l,
all,7,aa l,ao1 l,
all,7,ax l,ao1 l,
all,7,ao ax l,ao1 l,
more,7,m ow ao,m ao1 r,
more,7,m ao ax r,m ao1 r,
more,7,m ao ah,m ao1 r,
more,7,m ow r,m ao1 r,
more,7,ao r,m ao1 r,
more,7,m ao r,m ao1 r,
more,7,m ao er,m ao1 r,
can,7,k ax ng,k ae1 n,
can,7,k eh n,k ae1 n,
can,7,k ax n,k ae1 n,
can,7,k ae,k ae1 n,
can,7,k ih m,k ae1 n,
can,7,k ih n,k ae1 n,
can,7,k ae n,k ae1 n,
then,7,d dh eh n,dh eh1 n,
then,7,dh eh n,dh eh1 n,
then,7,d ih,dh eh1 n,
then,7,dh ih n,dh eh1 n,
then,7,dh ax,dh eh1 n,
then,7,eh n,dh eh1 n,
then,7,th eh n,dh eh1 n,
got,7,g aa t,g aa1 t,
got,7,k aa,g aa1 t,
got,7,k ah t,g aa1 t,
got,7,g ah t,g aa1 t,
got,7,g ax t ax,g aa1 t,
got,7,g ah,g aa1 t,
got,7,g aa,g aa1 t,
get,7,y eh,g eh1 t,
get,7,g eh,g eh1 t,
get,7,g eh t,g eh1 t,
get,7,g ih t,g eh1 t,
get,7,g ih,g eh1 t,
get,7,g k eh t,g eh1 t,
get,7,k g eh t,g eh1 t,
are,7,aa r,aa1 r,
are,7,ax r,aa1 r,
are,7,ao,aa1 r,
are,7,aa er,aa1 r,
are,7,uh,aa1 r,
are,7,ao r,aa1 r,
are,7,er,aa1 r,
in,7,ih n,ih0 n,
in,7,ih m,ih0 n,
in,7,ih ng,ih0 n,
in,7,n,ih0 n,
in,7,ih,ih0 n,
in,7,ax n,ih0 n,
in,7,aw ih n,ih0 n,
parents,7,p eh er n t s,p eh1 r ax0 n t s,
parents,7,p eh r ih n t s,p eh1 r ax0 n t s,
parents,7,p eh r n t s,p eh1 r ax0 n t s,
parents,7,p eh r ax n t s,p eh1 r ax0 n t s,
parents,7,p eh r ax n s,p eh1 r ax0 n t s,
parents,7,p ax er ax n t s,p eh1 r ax0 n t s,
parents,7,p eh r s,p eh1 r ax0 n t s,
know,7,n ow,n ow1,
know,7,n ax,n ow1,
know,7,t ow,n ow1,
know,7,n ah,n ow1,
know,7,n ae ow,n ow1,
know,7,n ao,n ow1,
know,7,ow,n ow1,
into,7,ih n t uw,ih0 n t uw1,
into,7,ih n ah,ih0 n t uw1,
into,7,ih n d uh,ih0 n t uw1,
into,7,ih n t ax,ih0 n t uw1,
into,7,ih n t ch uw,ih0 n t uw1,
into,7,ih n ax,ih0 n t uw1,
into,7,ih n t uh,ih0 n t uw1,
yeah,7,y ae,y ae1,
yeah,7,ae,y ae1,
yeah,7,y ih eh ah,y ae1,
yeah,7,iy y ah,y ae1,
yeah,7,y ae ah,y ae1,
yeah,7,ae ax,y ae1,
yeah,7,y ae ax,y ae1,
they're,7,dh eh er,dh eh1 r,
they're,7,dh er,dh eh1 r,
they're,7,dh eh r,dh eh1 r,
they're,7,dh eh r g,dh eh1 r,
they're,7,dh ax r,dh eh1 r,
they're,7,dh ih er,dh eh1 r,
they're,7,er,dh eh1 r,
at,7,ax t,ae1 t,
at,7,eh,ae1 t,
at,7,ae t,ae1 t,
at,7,ih jh,ae1 t,
at,7,eh t,ae1 t,
at,7,ih,ae1 t,
at,7,ih t,ae1 t,
from,6,f r ah,f r ah1 m,
from,6,f er m,f r ah1 m,
from,6,f r ax m,f r ah1 m,
from,6,f r m,f r ah1 m,
from,6,f ax m,f r ah1 m,
from,6,f r ah m,f r ah1 m,
how,6,hh aw,hh aw1,
how,6,ih hh aw,hh aw1,
how,6,ah,hh aw1,
how,6,hh aa,hh aw1,
how,6,hh aa ay,hh aw1,
how,6,hh ah,hh aw1,
now,6,n ow,n aw1,
now,6,n aw,n aw1,
now,6,n aw ax,n aw1,
now,6,n ae aw,n aw1,
now,6,n ae,n aw1,
now,6,n ae aw hh,n aw1,
doing,6,d uh ih ng,d uw1 ih0 ng,
doing,6,d uw iy n,d uw1 ih0 ng,
doing,6,d uw n,d uw1 ih0 ng,
doing,6,d uw iy ng,d uw1 ih0 ng,
doing,6,d uh ah ng,d uw1 ih0 ng,
doing,6,t d uw n,d uw1 ih0 ng,
their,6,dh ih ax r,dh eh1 r,
their,6,dh eh ax r,dh eh1 r,
their,6,dh eh er,dh eh1 r,
their,6,dh er,dh eh1 r,
their,6,dh eh r,dh eh1 r,
their,6,eh er,dh eh1 r,
said,6,s eh,s eh1 d,
said,6,s ih,s eh1 d,
said,6,ih d,s eh1 d,
said,6,s,s eh1 d,
said,6,s iy,s eh1 d,
said,6,s ih d,s eh1 d,
on,6,aa,aa1 n,
on,6,ow n,aa1 n,
on,6,uh n,aa1 n,
on,6,ao n,aa1 n,
on,6,aa n,aa1 n,
on,6,ax,aa1 n,
agree,6,ih g k r iy,ax0 g r iy1,
agree,6,ax g r iy,ax0 g r iy1,
agree,6,g r uh,ax0 g r iy1,
agree,6,ng g r iy,ax0 g r iy1,
agree,6,k g r iy,ax0 g r iy1,
agree,6,ah g r iy,ax0 g r iy1,
out,6,aa t,aw1 t,
out,6,ae,aw1 t,
out,6,eh,aw1 t,
out,6,aa d,aw1 t,
out,6,aw,aw1 t,
out,6,aw t,aw1 t,
exercise,5,eh k sh er s ay z,eh1 k s ax r0 s ay2 z,
exercise,5,ah k s uw s ay s,eh1 k s ax r0 s ay2 z,
exercise,5,eh k sh ax r s ay s,eh1 k s ax r0 s ay2 z,
exercise,5,eh g s ay z,eh1 k s ax r0 s ay2 z,
exercise,5,eh k s ax r s ay s,eh1 k s ax r0 s ay2 z,
would,5,w uh t,w uh1 d,
would,5,ih d,w uh1 d,
would,5,w uh d,w uh1 d,
would,5,d,w uh1 d,
would,5,w uh t d,w uh1 d,
ambassador,5,ih m b ae s d r ax,ae0 m b ae1 s ax0 d ax r0,
ambassador,5,ae m b ae s d ax r,ae0 m b ae1 s ax0 d ax r0,
ambassador,5,ih m b ae s ax d er,ae0 m b ae1 s ax0 d ax r0,
ambassador,5,eh m p b ae s jh ax r,ae0 m b ae1 s ax0 d ax r0,
ambassador,5,ae m b ae s ih d er,ae0 m b ae1 s ax0 d ax r0,
so,5,s ax,s ow1,
so,5,th ow,s ow1,
so,5,s ih,s ow1,
so,5,s uh,s ow1,
so,5,s ow,s ow1,
things,5,dh ih ng z,th ih1 ng z,
things,5,dh iy ng k s,th ih1 ng z,
things,5,th ih ng z,th ih1 ng z,
things,5,th iy ng s,th ih1 ng z,
things,5,th iy ng z,th ih1 ng z,
kind,5,k aa,k ay1 n d,
kind,5,k ay,k ay1 n d,
kind,5,k ay n d,k ay1 n d,
kind,5,k ax n,k ay1 n d,
kind,5,k ay n,k ay1 n d,
with,5,w uh,w ih1 dh,
with,5,ax t,w ih1 dh,
with,5,w ih th,w ih1 dh,
with,5,w ih,w ih1 dh,
with,5,w ih dh,w ih1 dh,
senator,5,s eh n eh t er,s eh1 n ax0 t ax r0,
senator,5,s ih ah t ax,s eh1 n ax0 t ax r0,
senator,5,eh n ah d er,s eh1 n ax0 t ax r0,
senator,5,s eh n t er,s eh1 n ax0 t ax r0,
senator,5,s eh ah t ow,s eh1 n ax0 t ax r0,
it's,5,t s,ih1 t s,
it's,5,ih t s,ih1 t s,
it's,5,ih s,ih1 t s,
it's,5,ih d s,ih1 t s,
it's,5,ih z,ih1 t s,
if,5,ih f,ih1 f,
if,5,ih m,ih1 f,
if,5,v,ih1 f,
if,5,ih v,ih1 f,
if,5,f,ih1 f,
had,5,hh ih d,hh ae1 d,
had,5,hh ah d,hh ae1 d,
had,5,hh ae,hh ae1 d,
had,5,hh ae d,hh ae1 d,
had,5,ae d d,hh ae1 d,
down,5,d aw n,d aw1 n,
down,5,d t aw n,d aw1 n,
down,5,d aw m,d aw1 n,
down,5,d aw,d aw1 n,
down,5,t d aw n,d aw1 n,
i've,5,ay v,ay1 v,
i've,5,ah v,ay1 v,
i've,5,aa v,ay1 v,
i've,5,ax v,ay1 v,
i've,5,ah,ay1 v,
he,5,iy,hh iy1,
he,5,ih,hh iy1,
he,5,s,hh iy1,
he,5,ey,hh iy1,
he,5,hh iy,hh iy1,
other,5,ah dh ax,ah1 dh ax r0,
other,5,ax dh ax r,ah1 dh ax r0,
other,5,ah dh er,ah1 dh ax r0,
other,5,ah dh ih,ah1 dh ax r0,
other,5,iy ah dh er,ah1 dh ax r0,
very,4,f er iy,v eh1 r iy0,
very,4,v er iy,v eh1 r iy0,
very,4,v ih er iy,v eh1 r iy0,
very,4,v eh er iy,v eh1 r iy0,
here,4,hh ih er,hh iy1 r,
here,4,hh iy er,hh iy1 r,
here,4,hh ih,hh iy1 r,
here,4,hh iy r,hh iy1 r,
kids,4,k ih d z,k ih1 d z,
kids,4,k ih d s,k ih1 d z,
kids,4,k ih z,k ih1 d z,
kids,4,k ih d,k ih1 d z,
i'm,4,ah m,ay1 m,
i'm,4,ay m,ay1 m,
i'm,4,aa m,ay1 m,
i'm,4,ax m,ay1 m,
maybe,4,m ih b,m ey1 b iy0,
maybe,4,m ey p iy,m ey1 b iy0,
maybe,4,m ey,m ey1 b iy0,
maybe,4,m ey b iy,m ey1 b iy0,
through,4,t uw,th r uw1,
through,4,th r uw,th r uw1,
through,4,th ae uw,th r uw1,
through,4,th ih uw,th r uw1,
mean,4,m iy,m iy1 n,
mean,4,m iy ih,m iy1 n,
mean,4,m ih n,m iy1 n,
mean,4,m iy n,m iy1 n,
year,4,y er ax,y ih1 r,
year,4,iy er,y ih1 r,
year,4,ih ax r,y ih1 r,
year,4,y ih er,y ih1 r,
little,4,l ih t ax l,l ih1 t ax0 l,
little,4,l ih ax l,l ih1 t ax0 l,
little,4,l ax l,l ih1 t ax0 l,
little,4,ah,l ih1 t ax0 l,
care,4,k eh er,k eh1 r,
care,4,k ih eh r,k eh1 r,
care,4,k eh r,k eh1 r,
care,4,k eh,k eh1 r,
thing,4,th ey ng,th ih1 ng,
thing,4,th ih ng,th ih1 ng,
thing,4,th ey ng g,th ih1 ng,
thing,4,th iy ng,th ih1 ng,
another,4,ax n ah dh er,ax0 n ah1 dh ax r0,
another,4,n ax dh ax r,ax0 n ah1 dh ax r0,
another,4,n ah dh ax,ax0 n ah1 dh ax r0,
another,4,ax n ah dh ax r,ax0 n ah1 dh ax r0,
any,4,iy,eh1 n iy0,
any,4,ih,eh1 n iy0,
any,4,ih n iy,eh1 n iy0,
any,4,uw ih n iy,eh1 n iy0,
sure,4,sh uw er,sh uh1 r,
sure,4,sh er,sh uh1 r,
sure,4,sh er ax,sh uh1 r,
sure,4,sh r,sh uh1 r,
america,4,ah m eh r ah k ah,ax0 m eh1 r ax0 k ax0,
america,4,ax m eh r ax k ax,ax0 m eh1 r ax0 k ax0,
america,4,ax m eh r ih k ax,ax0 m eh1 r ax0 k ax0,
america,4,ax m er ax k uh,ax0 m eh1 r ax0 k ax0,
going,4,g ax n,g ow1 ih0 ng,
going,4,ax n ah,g ow1 ih0 ng,
going,4,g ow ax,g ow1 ih0 ng,
going,4,g ow ih n,g ow1 ih0 ng,
pretty,4,p er t iy,p r ih1 t iy0,
pretty,4,er t iy,p r ih1 t iy0,
pretty,4,p r iy,p r ih1 t iy0,
pretty,4,p r ih t iy,p r ih1 t iy0,
his,4,ih s,hh ih1 z,
his,4,ih z,hh ih1 z,
his,4,hh ih z,hh ih1 z,
his,4,hh ih s,hh ih1 z,
much,4,m ax t ch,m ah1 ch,
much,4,m ah ch,m ah1 ch,
much,4,m ah sh,m ah1 ch,
much,4,m uh ch,m ah1 ch,
like,4,ay,l ay1 k,
like,4,ah l ay k,l ay1 k,
like,4,l ay k,l ay1 k,
like,4,w ay k,l ay1 k,
when,4,uh w eh n,w eh1 n,
when,4,w ax n,w eh1 n,
when,4,w ih n,w eh1 n,
when,4,w eh n,w eh1 n,
?,4,ax,ay1,
?,4,s,ay1,
?,4,r iy g aa,ay1,
?,4,y ih ow,ay1,
be,4,b iy,b iy1,
be,4,p iy,b iy1,
be,4,p b iy,b iy1,
be,4,b ih,b iy1,
problem,4,p r aa p b l ax m,p r aa1 b l ax0 m,
problem,4,p r aa b l ax m,p r aa1 b l ax0 m,
problem,4,p r aa ih m,p r aa1 b l ax0 m,
problem,4,p r aa ax m,p r aa1 b l ax0 m,
percent,4,p er s ih t,p ax r0 s eh1 n t,
percent,4,p ax r s eh t,p ax r0 s eh1 n t,
percent,4,w s eh n,p ax r0 s eh1 n t,
percent,4,p er s eh n t,p ax r0 s eh1 n t,
four,3,f ow,f ao1 r,
four,3,f ow r,f ao1 r,
four,3,f ao r,f ao1 r,
go,3,k g ow,g ow1,
go,3,g ae aw,g ow1,
go,3,g ow,g ow1,
did,3,t d ih d,d ih1 d,
did,3,d ih d,d ih1 d,
did,3,d t ih d,d ih1 d,
i'll,3,ah,ay1 l,
i'll,3,ao ax,ay1 l,
i'll,3,aa ow,ay1 l,
assistance,3,ax s ih s ax n t s,ax0 s ih1 s t ax0 n s,
assistance,3,ax s ih s t ax n s,ax0 s ih1 s t ax0 n s,
assistance,3,ax s ih s t ih n s,ax0 s ih1 s t ax0 n s,
let,3,l eh t,l eh1 t,
let,3,l eh d,l eh1 t,
let,3,l eh,l eh1 t,
military,3,m ih uh ax t er iy,m ih1 l ax0 t eh2 r iy0,
military,3,m ah ow uh t eh r iy,m ih1 l ax0 t eh2 r iy0,
military,3,m ih l ax t eh r iy,m ih1 l ax0 t eh2 r iy0,
call,3,k aa,k ao1 l,
call,3,k ao l,k ao1 l,
call,3,k aa l,k ao1 l,
until,3,ih n t ah uh,ax0 n t ih1 l,
until,3,n t ih uh,ax0 n t ih1 l,
until,3,ih n t ax l,ax0 n t ih1 l,
afford,3,f ao r d,ax0 f ao1 r d,
afford,3,ax f ao r d,ax0 f ao1 r d,
afford,3,ax f ao d,ax0 f ao1 r d,
work,3,w er k,w er1 k,
work,3,w uh,w er1 k,
work,3,ae w er k,w er1 k,
my,3,m ay,m ay1,
my,3,m ow,m ay1,
my,3,m aa,m ay1,
something,3,s ah m th iy ng,s ah1 m th ih0 ng,
something,3,s ah m th ih n,s ah1 m th ih0 ng,
something,3,s ah ax m,s ah1 m th ih0 ng,
times,3,t ay m s,t ay1 m z,
times,3,t aa m z,t ay1 m z,
times,3,t ay m z,t ay1 m z,
united,3,eh ay t,y uw0 n ay1 t ax0 d,
united,3,uw n ay n ax,y uw0 n ay1 t ax0 d,
united,3,y n ay ih,y uw0 n ay1 t ax0 d,
such,3,s ax ch,s ah1 ch,
such,3,s ah ch,s ah1 ch,
such,3,ah s ah ch,s ah1 ch,
over,3,ow v ax,ow1 v ax r0,
over,3,ao v uh,ow1 v ax r0,
over,3,ow er,ow1 v ax r0,
still,3,s t ax l,s t ih1 l,
still,3,s t ih l,s t ih1 l,
still,3,t ih l,s t ih1 l,
texas,3,t eh k s ax s,t eh1 k s ax0 s,
texas,3,t eh k s ax z,t eh1 k s ax0 s,
texas,3,t eh k s ih s,t eh1 k s ax0 s,
good,3,g ih d,g uh1 d,
good,3,g uh,g uh1 d,
good,3,g uh d,g uh1 d,
went,3,ax w ih n,w eh1 n t,
went,3,w eh ih n,w eh1 n t,
went,3,w eh n,w eh1 n t,
put,3,p uh d,p uh1 t,
put,3,p uh t,p uh1 t,
put,3,p t,p uh1 t,
one,3,w ah n,w ah1 n,
one,3,uh w,w ah1 n,
one,3,w ah,w ah1 n,
guess,3,g k eh s,g eh1 s,
guess,3,g eh s,g eh1 s,
guess,3,g ih s,g eh1 s,
twenty,3,t w ax n iy,t w eh1 n t iy0,
twenty,3,t w eh n iy,t w eh1 n t iy0,
twenty,3,t w ah n iy,t w eh1 n t iy0,
too,3,t uw,t uw1,
too,3,t ih,t uw1,
too,3,t uh,t uw1,
lot,3,l aa,l aa1 t,
lot,3,l aa t,l aa1 t,
lot,3,l ao t,l aa1 t,
than,3,dh uh n,dh ae1 n,
than,3,dh ih n,dh ae1 n,
than,3,n,dh ae1 n,
see,3,s ih,s iy1,
see,3,s iy,s iy1,
see,3,s uh,s iy1,
need,3,n iy,n iy1 d,
need,3,n iy t,n iy1 d,
need,3,n iy d,n iy1 d,
jail,3,jh ah,jh ey1 l,
jail,3,jh eh l,jh ey1 l,
jail,3,jh eh uh,jh ey1 l,
'cause,3,k ah z,k ax0 z,
'cause,3,k ax,k ax0 z,
'cause,3,k uh,k ax0 z,
sometimes,3,s ax m t ay m s,s ax0 m t ay1 m z,
sometimes,3,s ah m t ay m z,s ax0 m t ay1 m z,
sometimes,3,s ah m t ae m s,s ax0 m t ay1 m z,
fifty,3,f ih v t iy,f ih1 f t iy0,
fifty,3,f ih f t iy,f ih1 f t iy0,
fifty,3,ih f t iy,f ih1 f t iy0,
should,3,sh ih d,sh uh1 d,
should,3,sh,sh uh1 d,
should,3,sh uh d,sh uh1 d,
we,3,,w iy1,
we,3,w,w iy1,
we,3,w iy,w iy1,
latin,3,l ae d ax n,l ae1 t ax0 n,
latin,3,l ae t ax n,l ae1 t ax0 n,
latin,3,l ae ax n,l ae1 t ax0 n,
been,3,b iy n,b ih1 n,
been,3,b ih n,b ih1 n,
been,3,b p ih n,b ih1 n,
child,3,ch ay l d,ch ay1 l d,
child,3,ch aa l,ch ay1 l d,
child,3,ch aa aw,ch ay1 l d,
those,3,dh ow s,dh ow1 z,
those,3,dh ax s,dh ow1 z,
those,3,uh ow z,dh ow1 z,
biking,3,b ay k iy ng,b ay1 k ih0 ng,
biking,3,p b ay k iy ng,b ay1 k ih0 ng,
biking,3,b p ay k iy ng,b ay1 k ih0 ng,
less,3,ax l ah s,l eh1 s,
less,3,l ah s,l eh1 s,
less,3,l eh s,l eh1 s,
around,3,ax r aw n,ax r0 aw1 n d,
around,3,r ax n,ax r0 aw1 n d,
around,3,r aw n,ax r0 aw1 n d,
couple,3,k ax p ax l,k ah1 p ax0 l,
couple,3,k ah p ax l,k ah1 p ax0 l,
couple,3,k ah b p ax l,k ah1 p ax0 l,
gonna,3,ah n ax,g aa1 n ax0,
gonna,3,y ow n,g aa1 n ax0,
gonna,3,g ax,g aa1 n ax0,
right,3,r ay t,r ay1 t,
right,3,r ay,r ay1 t,
right,3,r ay d,r ay1 t,
some,3,s ah m,s ah1 m,
some,3,s ax m,s ah1 m,
some,3,s ih m,s ah1 m,
y'know,3,n iy ah,0,
y'know,3,y n ow,0,
y'know,3,y iy ow,0,
anything,3,eh n iy ng,eh1 n iy0 th ih2 ng,
anything,3,ih n iy th iy ng,eh1 n iy0 th ih2 ng,
anything,3,ih n iy th ih ng,eh1 n iy0 th ih2 ng,
an,3,ax n,ae1 n,
an,3,ae n,ae1 n,
an,3,n,ae1 n,
sometime,3,s ah m t ay,s ah1 m t ay2 m,
sometime,3,s ah m t ay m,s ah1 m t ay2 m,
sometime,3,t s ax m t ay m,s ah1 m t ay2 m,
overseas,3,ow v ax s iy z,ow1 v ax r0 s iy1 z,
overseas,3,ow v er s iy z,ow1 v ax r0 s iy1 z,
overseas,3,ow v ax r s iy z,ow1 v ax r0 s iy1 z,
bike,2,b p ay k,b ay1 k,
bike,2,b ay k,b ay1 k,
every,2,eh v er uh,eh1 v ax r0 iy0,
every,2,eh v r iy,eh1 v ax r0 iy0,
cool,2,k uw uh,k uw1 l,
cool,2,k uw l,k uw1 l,
touring,2,t er iy ng,t uh1 r ih0 ng,
touring,2,t uh er ih ng,t uh1 r ih0 ng,
solution,2,s ax l uw sh ax n,s ax0 l uw1 sh ax0 n,
solution,2,s l uw sh n,s ax0 l uw1 sh ax0 n,
it'll,2,ih l,ih1 t ax0 l,
it'll,2,ih t ax l,ih1 t ax0 l,
bicycle,2,b ay s ih k ax l,b ay1 s ih0 k ax0 l,
bicycle,2,p b ay s ih k ax l,b ay1 s ih0 k ax0 l,
even,2,iy v ih n,iy1 v ih0 n,
even,2,iy v ax n,iy1 v ih0 n,
ever,2,eh v er,eh1 v ax r0,
ever,2,er v r ax,eh1 v ax r0,
public,2,p ah b l ih k,p ah1 b l ih0 k,
public,2,p ah b l ih,p ah1 b l ih0 k,
aren't,2,aa r,aa1 r ax0 n t,
aren't,2,ao r n,aa1 r ax0 n t,
love,2,ah v,l ah1 v,
love,2,l ah v,l ah1 v,
crime,2,k r aa m,k r ay1 m,
crime,2,k r ay m,k r ay1 m,
yourself,2,y ih s eh ow f,y ax r0 s eh1 l f,
yourself,2,ch er s eh f,y ax r0 s eh1 l f,
use,2,y uh z,y uw1 s,
use,2,y uw z,y uw1 s,
hospital,2,hh aa s p ax t ax l,hh aa1 s p ih2 t ax0 l,
hospital,2,hh aa s b ih t ax l,hh aa1 s p ih2 t ax0 l,
give,2,g ih v,g ih1 v,
give,2,g ih,g ih1 v,
visit,2,v ih s ih t,v ih1 z ax0 t,
visit,2,v ih z ih t,v ih1 z ax0 t,
two,2,t uw,t uw1,
two,2,t uh,t uw1,
few,2,f iy uw,f y uw1,
few,2,f y uw,f y uw1,
flat,2,f uh l ae,f l ae1 t,
flat,2,f l ae,f l ae1 t,
excellent,2,eh k s l,eh1 k s ax0 l ax0 n t,
excellent,2,eh k s l ax n,eh1 k s ax0 l ax0 n t,
servants,2,s er v ax n t s,s er1 v ax0 n t s,
servants,2,s er v uh n t s,s er1 v ax0 n t s,
growing,2,g r ow ax n,g r ow1 ih0 ng,
growing,2,g r ow ih n,g r ow1 ih0 ng,
six,2,s ih k,s ih1 k s,
six,2,s ih k s,s ih1 k s,
dinner,2,t d ih n er,d ih1 n ax r0,
dinner,2,d ih n er,d ih1 n ax r0,
instead,2,n ih s t eh d,ih0 n s t eh1 d,
instead,2,ih n s eh d,ih0 n s t eh1 d,
okay,2,ow k ey,ow2 k ey1,
okay,2,ow g ey,ow2 k ey1,
softball,2,s ao f b ao,s ao1 f t b ao2 l,
softball,2,s ao f b ao l,s ao1 f t b ao2 l,
pocket,2,p aa k,p aa1 k ax0 t,
pocket,2,p aa k ih t,p aa1 k ax0 t,
remember,2,r m eh m ax r,r ih0 m eh1 m b ax r0,
remember,2,er m eh m b er,r ih0 m eh1 m b ax r0,
years,2,ih z,y ih1 r z,
years,2,y ih er s,y ih1 r z,
course,2,k ao r s,k ao1 r s,
course,2,k ow r s,k ao1 r s,
bunch,2,b ah ch,b ah1 n ch,
bunch,2,b ah n ch,b ah1 n ch,
varies,2,v eh er iy z,v eh1 r iy0 z,
varies,2,v eh r iy s,v eh1 r iy0 z,
day,2,t d ey,d ey1,
day,2,d ey,d ey1,
weight,2,w ey d,w ey1 t,
weight,2,w ey t,w ey1 t,
idea,2,ay d iy ax,ay0 d iy1 ax0,
idea,2,ay d iy ih ax r,ay0 d iy1 ax0,
fifteen,2,f ih f t iy n,f ih0 f t iy1 n,
fifteen,2,ih f t iy n,f ih0 f t iy1 n,
our,2,aa r,aw1 ax r0,
our,2,aa ax r,aw1 ax r0,
girl,2,g ax r l,g er1 l,
girl,2,g er l,g er1 l,
forty,2,f ao r t ih,f ao1 r t iy0,
forty,2,f ao r t iy,f ao1 r t iy0,
miles,2,m ay ax l z,m ay1 l z,
miles,2,m ay l s,m ay1 l z,
could,2,k uh d,k uh1 d,
could,2,k ih,k uh1 d,
days,2,d ey z,d ey1 z,
days,2,d ey s,d ey1 z,
american,2,ax m eh r ih k ih n,ax0 m eh1 r ax0 k ax0 n,
american,2,ax m eh er k ax n,ax0 m eh1 r ax0 k ax0 n,
scouts,2,s k aw t s,s k aw1 t s,
scouts,2,s k aw s,s k aw1 t s,
backyard,2,b ae k y aa r,b ae1 k y aa2 r d,
backyard,2,b ae k y aa r d,b ae1 k y aa2 r d,
you're,2,iy,y uh1 r,
you're,2,y er,y uh1 r,
service,2,k s er v ax s,s er1 v ax0 s,
service,2,s er v ih s,s er1 v ax0 s,
caught,2,k aa,k aa1 t,
caught,2,k aa t,k aa1 t,
least,2,l iy s t,l iy1 s t,
least,2,l iy s,l iy1 s t,
hundred,2,hh ah n d ax r d,hh ah1 n d r ax0 d,
hundred,2,ah n d er,hh ah1 n d r ax0 d,
store,2,s t uw r,s t ao1 r,
store,2,s t ow r,s t ao1 r,
mostly,2,m ow s l ih,m ow1 s t l iy0,
mostly,2,m ow s l iy,m ow1 s t l iy0,
states,2,s t ey t s,s t ey1 t s,
states,2,s t ey t,s t ey1 t s,
were,2,w er,w ax r0,
were,2,er,w ax r0,
seem,2,s iy m,s iy1 m,
seem,2,s ih m,s iy1 m,
dallas,2,d ae ax s,d ae1 l ax0 s,
dallas,2,d ae ah ax s,d ae1 l ax0 s,
also,2,ao uh s ow,ao1 l s ow0,
also,2,aa ao s ow,ao1 l s ow0,
take,2,d t ey k,t ey1 k,
take,2,t ey k,t ey1 k,
intentions,2,t eh n ch ah n z,ih0 n t eh1 n ch ax0 n z,
intentions,2,ax n t eh n ch ah n z,ih0 n t eh1 n ch ax0 n z,
extremely,2,ih k s t r iy uh iy,eh0 k s t r iy1 m l iy0,
extremely,2,r k s ch r iy m l iy,eh0 k s t r iy1 m l iy0,
class,2,k l ae s,k l ae1 s,
class,2,k uh ae s,k l ae1 s,
senior,2,s iy n y ax,s iy1 n y ax r0,
senior,2,s iy n y er,s iy1 n y ax r0,
came,2,k ey m,k ey1 m,
came,2,k eh m,k ey1 m,
particularly,2,p ax r t ih k y er ax l iy,p aa2 r t ih1 k y ax0 l ax r0 l iy0,
particularly,2,p t ih k y l iy,p aa2 r t ih1 k y ax0 l ax r0 l iy0,
show,2,sh ow,sh ow1,
show,2,sh,sh ow1,
folks,2,t f ow k s,f ow1 k s,
folks,2,f ow k s,f ow1 k s,
patted,2,p eh t ih d,p ae1 t ax0 d,
patted,2,p eh d,p ae1 t ax0 d,
bad,2,p b ae d,b ae1 d,
bad,2,b ae d,b ae1 d,
she,2,sh uh,sh iy1,
she,2,sh iy,sh iy1,
steal,2,s t iy uh l,s t iy1 l,
steal,2,s t ih l,s t iy1 l,
parent,2,p eh r ax n,p eh1 r ax0 n t,
parent,2,p eh r ax,p eh1 r ax0 n t,
come,2,k ah m,k ah1 m,
come,2,k ax m,k ah1 m,
both,2,b ow th,b ow1 th,
both,2,p ow th,b ow1 th,
last,2,l ae s t,l ae1 s t,
last,2,l ae s ch,l ae1 s t,
country,2,k ah n t r iy,k ah1 n t r iy0,
country,2,k ah n t ch r iy,k ah1 n t r iy0,
tour,2,t uw r,t uh1 r,
tour,2,t ao r,t uh1 r,
can't,2,k ae n,k ae1 n t,
can't,2,k eh,k ae1 n t,
seems,2,s iy m z,s iy1 m z,
seems,2,s iy m s,s iy1 m z,
prosecuting,2,p r aa s ih k uw t n,p r aa1 s ih0 k y uw2 t ih0 ng,
prosecuting,2,p r aa s k uh t ih ng,p r aa1 s ih0 k y uw2 t ih0 ng,
whatever,2,w ah t eh v ax r,w ah2 t eh1 v ax r0,
whatever,2,w ah eh v er,w ah2 t eh1 v ax r0,
else,2,eh uh s,eh1 l s,
else,2,eh l s,eh1 l s,
behavior,2,b iy hh ey v y ao r,b ih0 hh ey1 v y ax r0,
behavior,2,b iy hh ey v y er,b ih0 hh ey1 v y ax r0,
wouldn't,2,w uh d n,w uh1 d ax0 n t,
wouldn't,2,n,w uh1 d ax0 n t,
perhaps,2,p er hh ae p s,p ax r0 hh ae1 p s,
perhaps,2,p r ae p s,p ax r0 hh ae1 p s,
s,2,eh s,eh1 s,
s,2,uw eh s,eh1 s,
lower,2,l ah er,l ow1 ax r0,
lower,2,l ow ax r,l ow1 ax r0,
bicycling,2,b ay s ih k l iy ng,b ay1 s ih2 k ax0 l ih0 ng,
bicycling,2,b ay s ih k ax l ng,b ay1 s ih2 k ax0 l ih0 ng,
mother,2,m ah dh ax r,m ah1 dh ax r0,
mother,2,m ah dh er,m ah1 dh ax r0,
hills,2,hh ih ax l z,hh ih1 l z,
hills,2,hh ih l z,hh ih1 l z,
thinking,2,th ih ng k ih n,th ih1 ng k ih0 ng,
thinking,2,th iy ng k n,th ih1 ng k ih0 ng,
supply,2,s ax p l ah,s ax0 p l ay1,
supply,2,s ax p l ay,s ax0 p l ay1,
hilly,2,hh ih l iy,hh ih1 l iy0,
hilly,2,hh ih uh l iy,hh ih1 l iy0,
has,2,z,hh ae1 z,
has,2,ih z,hh ae1 z,
ought,2,aa t,ao1 t,
ought,2,ao t,ao1 t,
big,2,b ih g,b ih1 g,
big,2,p b iy g,b ih1 g,
either,2,iy dh er,iy1 dh ax r0,
either,2,ay dh er,iy1 dh ax r0,
night,2,n ay d,n ay1 t,
night,2,n ay t,n ay1 t,
home,2,hh ow m,hh ow1 m,
home,2,ow m,hh ow1 m,
does,2,ih z,d ah1 z,
does,2,d uh z,d ah1 z,
power,2,p aw ax r,p aw1 ax r0,
power,2,p aw er,p aw1 ax r0,
internship,2,ih n t er n sh ih p,ih1 n t ax r0 n sh ih2 p,
internship,2,eh n t er n sh ih p,ih1 n t ax r0 n sh ih2 p,
oh,2,ow,ow1,
oh,2,ao,ow1,
your,2,y er,y ao1 r,
your,2,ch ax,y ao1 r,
her,2,hh er,hh ax r0,
her,2,er,hh ax r0,
support,2,s ax p ow r,s ax0 p ao1 r t,
support,2,s ax p ow r t,s ax0 p ao1 r t,
long,2,l aa ng,l ao1 ng,
long,2,ao ng,l ao1 ng,
why,2,w ah,w ay1,
why,2,w ay,w ay1,
start,2,t ao r,s t aa1 r t,
start,2,s t aa r t,s t aa1 r t,
we're,2,w er,w iy1 r,
we're,2,w ih r,w iy1 r,
way,2,w ey,w ey1,
way,2,w ey iy,w ey1,
TRUE,2,t r uw,t r uw1,
TRUE,2,ch r uw,t r uw1,
made,2,m eh d,m ey1 d,
made,2,m ey d,m ey1 d,
campus,2,k ae m p ax s,k ae1 m p ax0 s,
campus,2,k ae m p uh s,k ae1 m p ax0 s,
up,2,ax p,ah1 p,
up,2,ah p,ah1 p,
us,2,ax s,ah1 s,
us,2,ih s,ah1 s,
gone,2,g ao,g ao1 n,
gone,2,g ao n,g ao1 n,
adults,2,ax d ah l t s,ax0 d ah1 l t s,
adults,2,ax d ah l s,ax0 d ah1 l t s,
ah,2,aa,aa1,
ah,2,ih,aa1,
no,2,n ow,n ow1,
no,2,n,n ow1,
role,2,r,r ow1 l,
role,2,r ow,r ow1 l,
poor,2,p ao r,p uw1 r,
poor,2,p ao er,p uw1 r,
helping,2,hh eh l p ih ng,hh eh1 l p ih0 ng,
helping,2,hh eh l p ih n,hh eh1 l p ih0 ng,
friends,2,f r ih n z,f r eh1 n d z,
friends,2,f r eh n d s,f r eh1 n d z,
time,2,t ay,t ay1 m,
time,2,t ay m,t ay1 m,
having,2,hh ae v ih n,hh ae1 v ih0 ng,
having,2,hh ae v ax d,hh ae1 v ih0 ng,
month,1,m ah n th,m ah1 n th,
mile,1,m ay aw,m ay1 l,
tours,1,t uh r z,t uh1 r z,
broader,1,b r ao d er,b r ao1 d ax r0,
follow,1,f aa l ow,f aa1 l ow0,
children,1,ch ih l d jh r ax n,ch ih1 l d r ax0 n,
causes,1,k ao z,k aa1 z ax0 z,
physiological,1,f ih z iy l aa jh ih k ax l,f ih2 z iy0 ax0 l aa1 jh ih0 k ax0 l,
father,1,f aa dh ax r,f aa1 dh ax r0,
young,1,y ah ng,y ah1 ng,
bicycles,1,p ay s ih k ax l s,b ay1 s ih0 k ax0 l z,
under,1,ah n d er,ah1 n d ax r0,
immature,1,ih m ax t uw er,ih2 m ax0 t y uh1 r,
midwest,1,m ih t d w ah s t,m ih2 d w eh1 s t,
activities,1,ae k t ih v ih t iy z,ae0 k t ih1 v ax0 t iy0 z,
family,1,f ae m ax l iy,f ae1 m ax0 l iy0,
sitting,1,s ih n,s ih1 t ih0 ng,
fall,1,f ao l,f ao1 l,
trouble,1,t r ah b ax l,t r ah1 b ax0 l,
we'll,1,w iy l,w iy1 l,
impressive,1,m p r ah s uh f,ih0 m p r eh1 s ih0 v,
level,1,l eh v ax l,l eh1 v ax0 l,
large,1,l aa r jh,l aa1 r jh,
solid,1,s aa ah ax d,s aa1 l ax0 d,
commute,1,k m uh,k ax0 m y uw1 t,
joke,1,jh ow k,jh ow1 k,
guy,1,g aa,g ay1,
shows,1,sh ow s,sh ow1 z,
upper,1,ah p ax r,ah1 p ax r0,
talked,1,t ao k t,t ao1 k t,
ten,1,t eh,t eh1 n,
streets,1,s t r iy t s,s t r iy1 t s,
consistently,1,k uh n s ih s t ax n l iy,k ax0 n s ih1 s t ax0 n t l iy0,
above,1,ax b ah v,ax0 b ah1 v,
cars,1,k aa r z,k aa1 r z,
learned,1,l er n d,l er1 n d,
everybody,1,eh b ah iy,eh1 v r iy0 b aa2 d iy0,
unpreparedness,1,ah n p r ax p eh r ih d n ax s,0,
never,1,n eh v er,n eh1 v ax r0,
hours,1,aw r z,aw1 ax r0 z,
address,1,ax d r eh s,ae1 d r eh2 s,
along,1,l ao ng,ax0 l ao1 ng,
teaches,1,t iy ch ax s,t iy1 ch ax0 z,
boy,1,b oy,b oy1,
great,1,g r ey t,g r ey1 t,
talent,1,t ae l ih n,t ae1 l ax0 n t,
thirty,1,th er iy,th er1 d iy0,
institute,1,ih s t uw,ih1 n s t ax0 t uw2 t,
amount,1,iy ax m aw n t,ax0 m aw1 n t,
i'd,1,ay d,ay1 d,
usually,1,y uw zh ax l iy,y uw1 zh ax0 w ax0 l iy0,
guidance,1,g ay d ih n s,g ay1 d ax0 n s,
payoffs,1,p ey ao f s,p ey1 ao2 f s,
trainer,1,t r ey n er,t r ey1 n ax r0,
morals,1,m ow r ax l z,m ao1 r ax0 l z,
extra,1,eh k s ch r ax,eh1 k s t r ax0,
u,1,y uw,y uw1,
criminals,1,k r m n ax l s,k r ih1 m ax0 n ax0 l z,
trips,1,t r ih p s,t r ih1 p s,
illegal,1,ih l iy g ax l,ih0 l iy1 g ax0 l,
live,1,l ih v,l ay1 v,
program,1,p r ow g r ae m,p r ow1 g r ae2 m,
peru,1,p er uw,p ax r0 uw1,
taken,1,t ey g ih n,t ey1 k ax0 n,
indiana,1,ih n d iy ae n ax,ih2 n d iy0 ae1 n ax0,
themselves,1,dh eh m s eh l z,dh eh0 m s eh1 l v z,
sort,1,s er t,s ao1 r t,
door,1,d ow ax,d ao1 r,
rich,1,r ih ch,r ih1 ch,
train,1,ch r ey n,t r ey1 n,
adult,1,ax d ah l t,ax0 d ah1 l t,
me,1,m iy,m iy1,
organizations,1,ao g z ey sh ax n s,ao2 r g ax0 n ax0 z ey1 sh ax0 n z,
join,1,jh oy n,jh oy1 n,
hour,1,aw er,aw1 ax r0,
pushed,1,p uh sh t,p uh1 sh t,
ride,1,r ay d,r ay1 d,
v,1,v iy,v iy1,
meet,1,m iy d,m iy1 t,
control,1,k ax n ch r ow l,k ax0 n t r ow1 l,
or/are,1,eh er,0,
prosecute,1,p r aa s k uh,p r aa1 s ax0 k y uw2 t,
lives,1,l ay v z,l ih1 v z,
didn't,1,d ih d ax n,d ih1 d ax0 n t,
topic,1,t aa p ih k,t aa1 p ih0 k,
heard,1,hh er d,hh er1 d,
taking,1,t ey k ih ng,t ey1 k ih0 ng,
want,1,w aa n,w aa1 n t,
needs,1,n iy d z,n iy1 d z,
court,1,k ow r t,k ao1 r t,
jails,1,jh ey l z,jh ey1 l z,
provide,1,p ax r v ay d f,p r ax0 v ay1 d,
stayed,1,s t ey d,s t ey1 d,
write,1,ay t,r ay1 t,
hot,1,hh aa t,hh aa1 t,
low,1,l ow,l ow1,
responsibility,1,r ih s p aa s ax b ih uh ax t iy,r iy0 s p aa2 n s ax0 b ih1 l ax0 t iy0,
economy,1,ih k aa ih m iy,ih0 k aa1 n ax0 m iy0,
somoza,1,s ah m ow s ax,s ax0 m ow1 z ax0,
fever,1,f iy v ax r,f iy1 v ax r0,
may,1,m ey,m ey1,
earlier,1,er l iy er,er1 l iy0 ax r0,
stars,1,s t aa r z,s t aa1 r z,
guys,1,g ay z,g ay1 z,
grow,1,k g r ow,g r ow1,
man,1,m ae n,m ae1 n,
third,1,th er d,th er1 d,
that'd,1,dh ae t ax d,dh ae1 t ih0 d,
guatemala,1,g w aa t ax m aa l ax,#N/A,
worst,1,w er s t,w er1 s t,
first,1,f er s,f er1 s t,
topic's,1,t aa p k s,0,
began,1,b iy g ae n,b ih0 g ae1 n,
wind,1,w ih n,w ay1 n d,
help,1,hh eh l p,hh eh1 l p,
office,1,ay aa f ax s,ao1 f ax0 s,
misdemeanor,1,m ih s d ax m iy n ax,m ih2 s d ax0 m iy1 n ax r0,
lands,1,l ae n t z,l ae1 n d z,
interesting,1,ih n t ch uh s t ih ng ih,ih1 n t r ax0 s t ih0 ng,
fix,1,f ih t s,f ih1 k s,
actually,1,ae k sh ih,ae1 k ch uw2 ax0 l iy0,
late,1,l ey t,l ey1 t,
choose,1,ch uw z,ch uw1 z,
weeks,1,w iy s,w iy1 k s,
imbalance,1,ih m b ae ax s,ih0 m b ae1 l ax0 n s,
might,1,m ay,m ay1 t,
school,1,s k uw uh,s k uw1 l,
number,1,n ah m b er,n ah1 m b ax r0,
you've,1,y uh v,y uw1 v,
half,1,hh ae f,hh ae1 f,
undeveloped,1,ah n d ax v eh uh ax p t,ah2 n d ih0 v eh1 l ax0 p t,
warned,1,w ow r n d,w ao1 r n d,
leading,1,l iy d iy ng,l iy1 d ih0 ng,
someone,1,s ax m w ah n,s ah1 m w ah2 n,
rock,1,r aa k,r aa1 k,
americans,1,ax n ax m eh r ih k ax n z,ax0 m eh1 r ax0 k ax0 n z,
development,1,t d ih v eh uh ax m eh n t,d ih0 v eh1 l ax0 p m ax0 n t,
showering,1,sh aw ax r iy n,sh aw1 ax r0 ih0 ng,
financial,1,f ax n ae n ch ax l,f ax0 n ae1 n sh ax0 l,
house,1,hh aw s,hh aw1 s,
hard,1,hh aa r d,hh aa1 r d,
brother,1,b r ah dh ax r,b r ah1 dh ax r0,
society,1,s ay t iy,s ax0 s ay1 ax0 t iy0,
extended,1,ih k s t eh n d ih d,ih0 k s t eh1 n d ax0 d,
but/well,1,b w ax,0,
saturday,1,s ae t ax r d ey,s ae1 t ax r0 d iy0,
storing,1,s t ao r ih ng,s t ao1 r ih0 ng,
twice,1,t w ay s,t w ay1 s,
since,1,s ax n s,s ih1 n s,
research,1,r iy s er ch,r iy0 s er1 ch,
looking,1,l uh k ih n,l uh1 k ih0 ng,
seriously,1,s ih r ih s l iy,s ih1 r iy0 ax0 s l iy0,
health,1,hh eh l th,hh eh1 l th,
one's,1,uh w ah n s,w ah1 n z,
eagle,1,iy g ax l,iy1 g ax0 l,
theory,1,t ih ax r ih,th ih1 r iy0,
city,1,s ih t iy,s ih1 t iy0,
commits,1,k ax m ih t s,k ax0 m ih1 t s,
palatial,1,p ax l ey sh ax l,p ax0 l ey1 sh ax0 l,
advantages,1,eh d v ae ax jh ih s,ae0 d v ae1 n t ih0 jh ih0 z,
rebel,1,r b eh aw,r eh1 b ax0 l,
imagine,1,ih m ae jh ih n,ih0 m ae1 jh ax0 n,
wanted,1,w ao n,w aa1 n t ax0 d,
benefits,1,b eh n ih f ih t s,b eh1 n ax0 f ih0 t s,
keep,1,k iy p,k iy1 p,
south,1,s aw th,s aw1 th,
cleaning,1,k l iy ih n,k l iy1 n ih0 ng,
major,1,m ey jh ax r,m ey1 jh ax r0,
someday,1,s ah m d ey,s ah1 m d ey2,
feel,1,f iy ow,f iy1 l,
coming,1,k ah m ax ng,k ah1 m ih0 ng,
encouraging,1,eh n g k er ih jh ih ng,eh0 n k er1 ih0 jh ih0 ng,
rank,1,r ey ng g,r ae1 ng k,
feet,1,f iy t,f iy1 t,
done,1,d ah n,d ah1 n,
potted,1,p aa t ih d,p aa1 t ih0 d,
basketball,1,b ae s k ow b ao l,b ae1 s k ax0 t b ao2 l,
system,1,s ih s t ax m,s ih1 s t ax0 m,
gives,1,g ih v z,g ih1 v z,
punish,1,p ah n ih,p ah1 n ih0 sh,
gym,1,jh ih m,jh ih1 m,
nobody,1,n ow b ah uh,n ow1 b aa2 d iy2,
expend,1,ih k s p eh n d,ih0 k s p eh1 n d,
part,1,p ao ax d,p aa1 r t,
concentrating,1,k aa t s ih n t r eh ih ng,k aa1 n s ax0 n t r ey2 t ih0 ng,
distance,1,t d ih s t ih n t s,d ih1 s t ax0 n s,
older,1,ow l d er,ow1 l d ax r0,
shower,1,sh aw er,sh aw1 ax r0,
supposed,1,z p ow s,s ax0 p ow1 z d,
treated,1,t r iy t ih d,t r iy1 t ax0 d,
basically,1,p b ey s ih k l iy,b ey1 s ih0 k l iy0,
gals,1,g ae l z,g ae1 l z,
sad,1,s ae d,s ae1 d,
talking,1,t ao k ih ng,t ao1 k ih0 ng,
say,1,s ey,s ey1,
seen,1,s iy n,s iy1 n,
wondered,1,w ah n er,w ah1 n d ax r0 d,
trip,1,t r ih p,t r ih1 p,
incentive,1,ax n s eh n ih v,ih0 n s eh1 n t ih0 v,
high,1,hh ay,hh ay1,
causing,1,k ao z n,k aa1 z ih0 ng,
which,1,w ih ch,w ih1 ch,
play,1,p l ey,p l ey1,
pain,1,p ey n,p ey1 n,
normal,1,n ao m ax l,n ao1 r m ax0 l,
revolving,1,r ih v aa l v ih n,r iy0 v aa1 l v ih0 ng,
knew,1,n uw,n uw1,
eight,1,ey t,ey1 t,
nothing,1,n ah th ih ng,n ah1 th ih0 ng,
dealers,1,d iy l ax r z,d iy1 l ax r0 z,
looked,1,l uh k t,l uh1 k t,
definitely,1,t d eh f ax uh iy,d eh1 f ax0 n ax0 t l iy0,
tubes,1,t uw b z,t uw1 b z,
anyway,1,ih n iy w ey,eh1 n iy0 w ey2,
fine,1,f ay n,f ay1 n,
weekends,1,w iy k eh n t s,w iy1 k eh2 n d z,
idiots,1,ih d iy ih t s,ih1 d iy0 ax0 t s,
hardened,1,hh ao r n ng,hh aa1 r d ax0 n d,
handle,1,hh ae n d ax l,hh ae1 n d ax0 l,
cholera,1,k aa l er ah,k aa1 l ax r0 ax0,
winters,1,w ih n er s,w ih1 n t ax r0 z,
perceive,1,p er s iy v,p ax r0 s iy1 v,
community,1,k ax m uw t iy,k ax0 m y uw1 n ax0 t iy0,
ones,1,ah n s,w ah1 n z,
longest,1,l aa ng g s,l ao1 ng g ax0 s t,
altogether,1,ao l t g eh dh ax r,ao2 l t ax0 g eh1 dh ax r0,
unethical,1,ah n eh th ih k ax l,ax0 n eh1 th ih0 k ax0 l,
him,1,iy m,hh ih1 m,
forty-five,1,f ao r t iy f ay f,0,
reading,1,r iy ax n,r eh1 d ih0 ng,
scene,1,s iy ih,s iy1 n,
countries,1,k ah n t r iy z,k ah1 n t r iy0 z,
areas,1,iy er iy ax z,eh1 r iy0 ax0 z,
generally,1,ch ah n r l ih,jh eh1 n ax r0 ax0 l iy0,
taxes,1,t ae k s z,t ae1 k s ax0 z,
worried,1,w er iy,w er1 iy0 d,
jokes,1,d jh ow k s,jh ow1 k s,
stuff,1,s t ah f,s t ah1 f,
grab,1,g r ae b,g r ae1 b,
vermont,1,v er m aa ax n t,v ax r0 m aa1 n t,
seventeen,1,s eh v ih n t ch iy n,s eh1 v ax0 n t iy1 n,
learn,1,uh er n,l er1 n,
ends,1,eh n z,eh1 n d z,
depends,1,d ih p ih n z,d ih0 p eh1 n d z,
best,1,b eh s t,b eh1 s t,
instance,1,ih n s t ih n s,ih1 n s t ax0 n s,
away,1,ax w ey,ax0 w ey1,
enough,1,ax n ah f,ih0 n ah1 f,
hopefully,1,hh ow p f ax l iy,hh ow1 p f ax0 l iy0,
probably,1,p r aa iy,p r aa1 b ax0 b l iy0,
before,1,b iy f ao,b ih0 f ao1 r,
across,1,ih k r ao s,ax0 k r ao1 s,
jobs,1,jh aa b z,jh aa1 b z,
t.v.,1,t iy v iy,0,
however,1,hh aa eh v ax r,hh aw2 eh1 v ax r0,
blame,1,b l ey m,b l ey1 m,
extent,1,ih g s t eh n,ih0 k s t eh1 n t,
epidemics,1,eh p ax d ih m ih k s,eh2 p ax0 d eh1 m ih0 k s,
them's,1,ax m z,0,
drug,1,jh r ah g,d r ah1 g,
called,1,k ao l d,k ao1 l d,
became,1,b iy k ey m,b ih0 k ey1 m,
governmentally,1,k g ah v er m eh n ax l iy,g ah1 v ax r0 m eh2 n t ax0 l iy0,
backpack,1,b p ae k p ae k,b ae1 k p ae2 k,
duty,1,d uw t iy,d uw1 t iy0,
tough,1,t ah f,t ah1 f,
point,1,p oy n t,p oy1 n t,
walk,1,w ao k,w ao1 k,
pole,1,p ow w,p ow1 l,
couldn't,1,k uh d ax n,k uh1 d ax0 n t,
respect,1,r ih s p eh k t,r ih0 s p eh1 k t,
expensive,1,ih k s p eh n t s ih v,ih0 k s p eh1 n s ih0 v,
citizenship,1,s ih t ih s ax n sh ih ax p,s ih1 t ih0 z ax0 n sh ih2 p,
light,1,l ay t,l ay1 t,
holdings,1,hh ow l d ih ng g z,hh ow1 l d ih0 ng z,
three,1,th r iy,th r iy1,
damn,1,d ae m,d ae1 m,
interest,1,ih n t r ih s t,ih1 n t r ax0 s t,
basic,1,b p ey s ih k,b ey1 s ih0 k,
life,1,ax l ay f,l ay1 f,
lived,1,l ih v d,l ay1 v d,
reaction,1,r iy ae k sh ax n,r iy0 ae1 k sh ax0 n,
drugs,1,d r ah g k z,d r ah1 g z,
bulk,1,b ow k,b ah1 l k,
hmm,1,m,0,
understand,1,ah s eh,ah2 n d ax r0 s t ae1 n d,
look,1,l uh k,l uh1 k,
these,1,dh iy z,dh iy1 z,
means,1,m iy s,m iy1 n z,
n,1,n,eh1 n,
near,1,n ih r,n ih1 r,
haven't,1,hh ae v ih n,hh ae1 v ax0 n t,
many,1,m ih n iy,m eh1 n iy0,
fun,1,f ah n,f ah1 n,
situation,1,s ih ch uh ey sh ih n,s ih2 ch uw0 ey1 sh ax0 n,
mexico,1,m eh k s iy k ow,m eh1 k s ax0 k ow2,
middle,1,m ih d ax l,m ih1 d ax0 l,
evening,1,uh v n ih ng,iy1 v n ih0 ng,
ready,1,w eh d iy,r eh1 d iy0,
rid,1,r ih d,r ih1 d,
funny,1,f ah n iy,f ah1 n iy0,
different,1,d ih f er n,d ih1 f ax r0 ax0 n t,
anymore,1,eh n iy m ao r,eh2 n iy0 m ao1 r,
pay,1,p ey,p ey1,
make,1,m ey k,m ey1 k,
who,1,hh uw,hh uw1,
anaerobic,1,eh n eh r ow b ih k,ae2 n ax r0 ow1 b ih0 k,
adverse,1,ah d v er s,ae0 d v er1 s,
parts,1,p aa r t s,p aa1 r t s,
aerobics,1,ow b ih k s,ax r0 ow1 b ih0 k s,
several,1,s eh v r ax l,s eh1 v r ax0 l,
week,1,w iy k,w iy1 k,
fairly,1,f eh r l iy,f eh1 r l iy0,
used,1,y ih s,y uw1 z d,
columbia,1,k ax l ah m b iy y ax,k ax0 l ah1 m b iy0 ax0,
centuries,1,s ih n ch er iy s,s eh1 n ch ax r0 iy0 z,
overcrowded,1,ow ax r k r aw d ih d,ow1 v ax r0 k r aw2 d ih0 d,
user,1,y uw z ax,y uw1 z ax r0,
kid,1,k ih d,k ih1 d,
off,1,ao f,ao1 f,
mother's,1,m ah dh ax r s,m ah1 dh ax r0 z,
spent,1,s p eh n t,s p eh1 n t,
inability,1,ih n ax b ih l ih t iy,ih2 n ax0 b ih1 l ih0 t iy0,
summer,1,s ah m er,s ah1 m ax r0,
money,1,m ah ih,m ah1 n iy0,
sister-in-law,1,s ih s t ax r ih n l ao,0,
hands,1,hh ae n t,hh ae1 n d z,
rest,1,r eh s t,r eh1 s t,
clinic,1,k l eh n ih k,k l ih1 n ih0 k,
financially,1,f ay n ae n sh ax l iy,f ax0 n ae1 n sh ax0 l iy0,
yes,1,y eh s,y eh1 s,
equipment,1,ax k uh p m ax n,ih0 k w ih1 p m ax0 n t,
we've,1,w iy v,w iy1 v,
source,1,s ow r s,s ao1 r s,
pot,1,p aa t,p aa1 t,
gave,1,g ey v,g ey1 v,
aspects,1,ae s p eh k s,ae1 s p eh2 k t s,
government,1,g ah v ih m ih n t,g ah1 v ax r0 m ax0 n t,
five,1,f ay v,f ay1 v,
world,1,w er l d,w er1 l d,
bit,1,b ih t,b ih1 t,
accepted,1,ih k s eh p t ih d,ae0 k s eh1 p t ih0 d,
fools,1,f uw w z,f uw1 l z,
productive,1,p r er d ah t iy v,p r ax0 d ah1 k t ih0 v,
hunk,1,hh ah ng k,hh ah1 ng k,
become,1,b iy k ah m,b ih0 k ah1 m,
twelve,1,t ao l v,t w eh1 l v,
old,1,ow l,ow1 l d,
deal,1,d iy ax l,d iy1 l,
absolutely,1,ae b s ax l uw l iy,ae2 b s ax0 l uw1 t l iy0,
back,1,b ae k,b ae1 k,
elderly,1,eh l d ax r l iy,eh1 l d ax r0 l iy0,
ranking,1,r ae k ih ng,r ae1 ng k ih0 ng,
nicaragua,1,n ih k er aa w aa,n ih2 k ax r0 aa1 g w ax0,
lima,1,l iy m ax,l ay1 m ax0,
cooper,1,k uw p ax r,k uw1 p ax r0,
aerobic,1,r ow b ih k,eh0 r ow1 b ih0 k,
though,1,d ow,dh ow1,
hepatitis,1,hh eh p ih t ay t ih s,hh eh2 p ax0 t ay1 t ax0 s,
t,1,t iy,t iy1,
eating,1,iy t ih ng,iy1 t ih0 ng,
by,1,b ay,b ay1,
graft,1,g r ae f t,g r ae1 f t,
magazine,1,m ae g uh z iy n,m ae1 g ax0 z iy2 n,
plus,1,p l ax s,p l ah1 s,
stand,1,s t ae n,s t ae1 n d,
west,1,w eh s t,w eh1 s t,
wanna,1,w ao n ax,w aa1 n ax0,
exactly,1,ih g z ae eh k l ih,ih0 g z ae1 k t l iy0,
outlook,1,aw t l uh k,aw1 t l uh2 k,
own,1,ow n,ow1 n,
garbage,1,k g aa r b ih jh,g aa1 r b ih0 jh,
civic,1,s ih v ih k,s ih1 v ih0 k,
getting,1,k ih d,g eh1 t ih0 ng,
honduras,1,hh aa n d uh r ah s,hh aa0 n d uh1 r ax0 s,
murderers,1,m er d ax r er z,m er1 d ax r0 ax r0 z,
story,1,s t ow r iy,s t ao1 r iy0,
area,1,ax r iy,eh1 r iy0 ax0,
weekend,1,w iy k eh n,w iy1 k eh2 n d,
question,1,k w eh s ch ih n,k w eh1 s ch ax0 n,
fully,1,f ow l iy,f uh1 l iy0,
bolivia,1,p b ow l ih v iy ah,b ax0 l ih1 v iy0 ax0,
happy,1,hh ae p iy,hh ae1 p iy0,
lowest,1,l ow ax s,l ow1 ax0 s t,
repeated,1,r iy p iy t ih d,r ih0 p iy1 t ih0 d,
courts,1,k ao r s,k ao1 r t s,
junior,1,jh uw n y er,jh uw1 n y ax r0,
count,1,k aw n,k aw1 n t,
official,1,ax f ih sh ax l,ax0 f ih1 sh ax0 l,
um,1,ah m,ah1 m,
minutes,1,m ih n ih t s,m ih1 n ax0 t s,
juvenile,1,jh uw v ih n aa aw,jh uw1 v ax0 n ax0 l,
stealing,1,s t ih l ih n,s t iy1 l ih0 ng,
held,1,hh eh l d,hh eh1 l d,
watched,1,w aa sh t,w aa1 ch t,
check,1,ch eh k,ch eh1 k,
physical,1,f ih z k uh,f ih1 z ih0 k ax0 l,
again,1,ax g ih n,ax0 g eh1 n,
whereas,1,w ax r z,w eh0 r ae1 z,
rally,1,r ae l iy,r ae1 l iy0,
fledgling,1,f l eh jh l iy n,f l eh1 jh l ih0 ng,
models,1,m aa d ax l s,m aa1 d ax0 l z,
rallies,1,r ae ax l iy s,r ae1 l iy0 z,
problems,1,p r aa m z,p r aa1 b l ax0 m z,
stay,1,s t ey,s t ey1,
ago,1,ih ow,ax0 g ow1,
ridden,1,r ih d ax n,r ih1 d ax0 n,
scouting,1,s k aw t ih ng,s k aw1 t ih0 ng,
longer,1,l ao ng g er,l ao1 ng g ax r0,
wife,1,w ay f,w ay1 f,
age,1,ey jh,ey1 jh,
walked,1,w ao k t,w ao1 k t,
weights,1,w ey t s,w ey1 t s,
fact,1,f ae k t,f ae1 k t,
far,1,f aa r,f aa1 r,
she's,1,sh iy s,sh iy1 z,
once,1,w ah n s,w ah1 n s,
